sep=;
Size;qSortHoare;mSortAlt
10;0.059408;0.057689
15;0.026016;0.027487
20;0.031234;0.02646
25;0.03996;0.038391
30;0.045437;0.034669
35;0.043648;0.041904
40;0.051289;0.037028
45;0.051538;0.048434
50;0.089202;0.067858
55;0.064287;0.052409
60;0.089127;0.058709
65;0.082089;0.064345
70;0.086193;0.100446
75;0.134193;0.120232
80;0.09857;0.089297
85;0.883564;0.947167
90;0.121478;0.110795
95;0.101247;0.091521
100;0.111744;0.098273

