sep=;
Size;iSort;sSort
10;0.480757;0.03804
15;0.017153;0.016802
20;0.020162;0.018561
25;0.020685;0.030675
30;0.027885;0.041153
35;0.032067;0.037042
40;0.041613;0.054473
45;0.048719;0.052962
50;0.040792;0.072409
55;0.05801;0.076527
60;0.074815;0.090172
65;0.089599;0.100724
70;0.073337;0.110952
75;0.080468;0.158508
80;0.107286;0.129424
85;4.151021;0.999234
90;0.114103;0.181789
95;0.12734;0.162423
100;0.137967;0.207431

